{"cameraMode":{"drawMode":0,"name":"Shaded","section":"Shading Mode"},"sceneLighting":false,"audioPlay":false,"sceneViewState":{"showFog":false,"showMaterialUpdate":false,"showSkybox":false,"showFlares":false,"showImageEffects":false,"showParticleSystems":false},"in2DMode":false,"pivot":{"x":2.5739998817443849,"y":0.5,"z":32.22999954223633},"rotation":{"x":0.1729978621006012,"y":-0.03751718997955322,"z":0.006594971287995577,"w":0.9841872453689575},"size":8.112590789794922,"orthographic":true}