{"cameraMode":{"drawMode":0,"name":"Shaded","section":"Shading Mode"},"sceneLighting":true,"audioPlay":false,"sceneViewState":{"showFog":false,"showMaterialUpdate":false,"showSkybox":false,"showFlares":false,"showImageEffects":false,"showParticleSystems":false},"in2DMode":false,"pivot":{"x":0.6003470420837402,"y":0.4495224356651306,"z":143.6990509033203},"rotation":{"x":-0.34465813636779787,"y":0.5986325144767761,"z":-0.31762123107910159,"w":-0.6495898962020874},"size":17.06776237487793,"orthographic":false}