{"cameraMode":{"drawMode":0,"name":"Shaded","section":"Shading Mode"},"sceneLighting":true,"audioPlay":false,"sceneViewState":{"showFog":false,"showMaterialUpdate":false,"showSkybox":false,"showFlares":false,"showImageEffects":false,"showParticleSystems":false},"in2DMode":false,"pivot":{"x":-3.564207077026367,"y":-1.3977468013763428,"z":100.50146484375},"rotation":{"x":0.2940022051334381,"y":-0.023511910811066629,"z":0.007234567776322365,"w":0.9555044770240784},"size":53.41747283935547,"orthographic":true}