{"cameraMode":{"drawMode":0,"name":"Shaded","section":"Shading Mode"},"sceneLighting":false,"audioPlay":false,"sceneViewState":{"showFog":false,"showMaterialUpdate":false,"showSkybox":false,"showFlares":false,"showImageEffects":false,"showParticleSystems":false},"in2DMode":false,"pivot":{"x":-0.019999980926513673,"y":0.5,"z":3.5899999141693117},"rotation":{"x":0.5827648043632507,"y":-0.012679867446422577,"z":0.009090152569115162,"w":0.812516450881958},"size":25.272960662841798,"orthographic":true}