{"cameraMode":{"drawMode":0,"name":"Shaded","section":"Shading Mode"},"sceneLighting":true,"audioPlay":false,"sceneViewState":{"showFog":false,"showMaterialUpdate":false,"showSkybox":false,"showFlares":false,"showImageEffects":false,"showParticleSystems":false},"in2DMode":false,"pivot":{"x":-0.03919798880815506,"y":-36.08713150024414,"z":154.81787109375},"rotation":{"x":0.29121705889701846,"y":0.005163056310266256,"z":-0.0015738056972622872,"w":0.9566531777381897},"size":142.8391571044922,"orthographic":true}