{"cameraMode":{"drawMode":0,"name":"Shaded","section":"Shading Mode"},"sceneLighting":true,"audioPlay":false,"sceneViewState":{"showFog":false,"showMaterialUpdate":false,"showSkybox":false,"showFlares":false,"showImageEffects":false,"showParticleSystems":false},"in2DMode":false,"pivot":{"x":-3.564207077026367,"y":-1.3977468013763428,"z":100.50146484375},"rotation":{"x":0.2449844926595688,"y":0.0008708269451744854,"z":-0.00021982625185046345,"w":0.9695433974266052},"size":76.66258239746094,"orthographic":true}