{"cameraMode":{"drawMode":0,"name":"Shaded","section":"Shading Mode"},"sceneLighting":true,"audioPlay":false,"sceneViewState":{"showFog":false,"showMaterialUpdate":false,"showSkybox":false,"showFlares":false,"showImageEffects":false,"showParticleSystems":false},"in2DMode":false,"pivot":{"x":6.007265567779541,"y":0.03277444839477539,"z":-95.2541275024414},"rotation":{"x":-0.28658685088157656,"y":0.4850479066371918,"z":-0.1720213145017624,"w":-0.8080872893333435},"size":6.619289398193359,"orthographic":false}