{"cameraMode":{"drawMode":0,"name":"Shaded","section":"Shading Mode"},"sceneLighting":true,"audioPlay":false,"sceneViewState":{"showFog":false,"showMaterialUpdate":false,"showSkybox":false,"showFlares":false,"showImageEffects":false,"showParticleSystems":false},"in2DMode":false,"pivot":{"x":111.97604370117188,"y":144.37045288085938,"z":194.02891540527345},"rotation":{"x":0.3338298499584198,"y":-0.15568716824054719,"z":0.0559728629887104,"w":0.9280365109443665},"size":213.72303771972657,"orthographic":true}