{"cameraMode":{"drawMode":0,"name":"Shaded","section":"Shading Mode"},"sceneLighting":true,"audioPlay":false,"sceneViewState":{"showFog":false,"showMaterialUpdate":false,"showSkybox":false,"showFlares":false,"showImageEffects":false,"showParticleSystems":false},"in2DMode":false,"pivot":{"x":-7.373589992523193,"y":23.88550567626953,"z":1.8885442018508912},"rotation":{"x":0.06894461810588837,"y":-0.006586199160665274,"z":0.0004552993050310761,"w":0.9976149797439575},"size":84.23178100585938,"orthographic":true}