{"cameraMode":{"drawMode":0,"name":"Shaded","section":"Shading Mode"},"sceneLighting":true,"audioPlay":false,"sceneViewState":{"showFog":false,"showMaterialUpdate":false,"showSkybox":false,"showFlares":false,"showImageEffects":false,"showParticleSystems":false},"in2DMode":false,"pivot":{"x":14.329106330871582,"y":37.416259765625,"z":685.823486328125},"rotation":{"x":0.27780744433403017,"y":-0.03515026718378067,"z":0.010179226286709309,"w":0.9599587917327881},"size":458.7330017089844,"orthographic":true}