{"cameraMode":{"drawMode":0,"name":"Shaded","section":"Shading Mode"},"sceneLighting":true,"audioPlay":false,"sceneViewState":{"showFog":false,"showMaterialUpdate":false,"showSkybox":false,"showFlares":false,"showImageEffects":false,"showParticleSystems":false},"in2DMode":false,"pivot":{"x":0.6215353012084961,"y":-3.532945156097412,"z":-0.09239912033081055},"rotation":{"x":-0.12753166258335114,"y":0.853050172328949,"z":-0.24604621529579163,"w":-0.4421561360359192},"size":10.372715950012207,"orthographic":false}